source,collection_type,collection,title,file_path,width,height,original_width,original_height,source_url,download_url,artist,credit,license,usage_terms,license_url,attribution_required,copyrighted
openverse,query,cloud formation,Massive Cloud Formation of Monstrosity,data/raw/images/web_sample/cloud_formation/a8651d82-cb22-40ed-b672-356a67f340cd_Massive_Cloud_Formation_of_Monstrosity.jpg,1024,768,1024,681,https://www.flickr.com/photos/69135870@N00/5033806952,https://live.staticflickr.com/4124/5033806952_14f46a3cf9_b.jpg,mendhak,flickr,by-sa,2.0,https://creativecommons.org/licenses/by-sa/2.0/,true,true
openverse,query,cloud formation,*Interlude* Strange cloud formation,data/raw/images/web_sample/cloud_formation/df387138-766b-4491-a509-11cd939ea393__Interlude_Strange_cloud_formation.jpg,1024,768,1024,768,https://www.flickr.com/photos/15734079@N00/1004198774,https://live.staticflickr.com/1314/1004198774_a51cda1e59_b.jpg,Michel Filion,flickr,by,2.0,https://creativecommons.org/licenses/by/2.0/,true,true
openverse,query,cloud formation,Massive cloud formation between two mountain peaks,data/raw/images/web_sample/cloud_formation/17976f18-0947-4139-ab75-a90b741478bc_Massive_cloud_formation_between_two_mountain_peaks.jpg,1024,768,1024,680,https://www.flickr.com/photos/10361931@N06/5285236596,https://live.staticflickr.com/5122/5285236596_da2cd3fdec_b.jpg,Horia Varlan,flickr,by,2.0,https://creativecommons.org/licenses/by/2.0/,true,true
openverse,query,cloud formation,Strange cloud formations,data/raw/images/web_sample/cloud_formation/47c4d633-0e5f-4bca-bd4a-ca9e73dc307e_Strange_cloud_formations.jpg,1024,768,1024,683,https://www.flickr.com/photos/34427465361@N01/310948530,https://live.staticflickr.com/122/310948530_4f3cd854ed_b.jpg,Peter,flickr,by-sa,2.0,https://creativecommons.org/licenses/by-sa/2.0/,true,true
openverse,query,cloud formation,Cloud formation over Bribie Island-1=,data/raw/images/web_sample/cloud_formation/5b40173c-ea80-4ad5-9b1b-a25a34ec53d6_Cloud_formation_over_Bribie_Island-1.jpg,1024,768,1024,692,https://www.flickr.com/photos/34534185@N00/13934350587,https://live.staticflickr.com/5280/13934350587_3d4f22cc04_b.jpg,Sheba Also 18 Million Views,flickr,by-sa,2.0,https://creativecommons.org/licenses/by-sa/2.0/,true,true
openverse,query,cloud formation,Pileus Cloud formation over thunderheads,data/raw/images/web_sample/cloud_formation/6bf885c2-e6fb-45f9-81b5-1efed7ee0189_Pileus_Cloud_formation_over_thunderheads.jpg,1024,768,1024,683,https://www.flickr.com/photos/73645804@N00/8604353127,https://live.staticflickr.com/8121/8604353127_11514a022f_b.jpg,woodleywonderworks,flickr,by,2.0,https://creativecommons.org/licenses/by/2.0/,true,true
openverse,query,cloud formation,Cloud formation from refinery in Curacao,data/raw/images/web_sample/cloud_formation/2770043b-d6cb-4280-962b-a6252928d343_Cloud_formation_from_refinery_in_Curacao.jpg,1024,768,4813,3187,https://commons.wikimedia.org/w/index.php?curid=30752730,https://upload.wikimedia.org/wikipedia/commons/a/aa/Cloud_formation_from_refinery_in_Curacao.jpg,HdeK,wikimedia,by-sa,3.0,https://creativecommons.org/licenses/by-sa/3.0/,true,true
openverse,query,cloud formation,"Airplane Wing with Sunset and Nifty Cloud Formation, Approaching Chicago, March 2012",data/raw/images/web_sample/cloud_formation/28f238b1-4877-4d48-8b0c-acd8bf17ff22_Airplane_Wing_with_Sunset_and_Nifty_Cloud_Formation_Approaching_Chicago_March_2012.jpg,1024,768,1024,768,https://www.flickr.com/photos/36521980095@N01/6887279640,https://live.staticflickr.com/7098/6887279640_87754deec0_b.jpg,danxoneil,flickr,by,2.0,https://creativecommons.org/licenses/by/2.0/,true,true
openverse,query,cloud formation,Pileus Cloud formation over thunderheads,data/raw/images/web_sample/cloud_formation/34b4b709-147b-42fa-995b-d3f2f3a30286_Pileus_Cloud_formation_over_thunderheads.jpg,1024,768,1024,683,https://www.flickr.com/photos/73645804@N00/8604355057,https://live.staticflickr.com/8114/8604355057_81ffc2e6c4_b.jpg,woodleywonderworks,flickr,by,2.0,https://creativecommons.org/licenses/by/2.0/,true,true
openverse,query,cloud formation,Romantic Cloud Formation,data/raw/images/web_sample/cloud_formation/882d56d8-4224-464b-ab9c-b56ca85bce0d_Romantic_Cloud_Formation.jpg,1024,768,1024,768,https://www.flickr.com/photos/10413717@N08/5440185100,https://live.staticflickr.com/5256/5440185100_00e481d652_b.jpg,Smabs Sputzer (1956-2017),flickr,by,2.0,https://creativecommons.org/licenses/by/2.0/,true,true
openverse,query,cloud formation,Concorde Cloud Formation - The Lancashire Evening Post turns into Viz Comic ?,data/raw/images/web_sample/cloud_formation/3a853816-7eec-4617-b577-ca94bc2b779b_Concorde_Cloud_Formation_-_The_Lancashire_Evening_Post_turns_into_Viz_Comic.jpg,1024,768,1024,1017,https://www.flickr.com/photos/11185080@N03/14158213667,https://live.staticflickr.com/5562/14158213667_0dcdcaac24_b.jpg,norbet1,flickr,by-sa,2.0,https://creativecommons.org/licenses/by-sa/2.0/,true,true
openverse,query,cloud formation,Beautiful cloud formation during Sunset over Derawar Fort,data/raw/images/web_sample/cloud_formation/852b5f57-5e80-42fb-898e-1417001afafb_Beautiful_cloud_formation_during_Sunset_over_Derawar_Fort.jpg,1024,768,5547,3315,https://commons.wikimedia.org/w/index.php?curid=35111784,https://upload.wikimedia.org/wikipedia/commons/b/b2/Beautiful_cloud_formation_during_Sunset_over_Derawar_Fort.jpg,Muhammad Ashar,wikimedia,by-sa,3.0,https://creativecommons.org/licenses/by-sa/3.0/,true,true
openverse,query,cloud formation,The Marvel of Clouds Formations | 120904-9643-jikatu,data/raw/images/web_sample/cloud_formation/4bed79a6-c954-464e-9cf2-e8f6417fc360_The_Marvel_of_Clouds_Formations_120904-9643-jikatu.jpg,1024,768,1024,683,https://www.flickr.com/photos/7221539@N06/7934992716,https://live.staticflickr.com/8457/7934992716_ab3ca0610b_b.jpg,jikatu,flickr,by-sa,2.0,https://creativecommons.org/licenses/by-sa/2.0/,true,true
openverse,query,cloud formation,Cloud formation,data/raw/images/web_sample/cloud_formation/2e349de8-3864-4226-9351-11c4e6b65bbf_Cloud_formation.jpg,1024,768,1024,657,https://www.flickr.com/photos/55907694@N04/13920967227,https://live.staticflickr.com/2928/13920967227_6a9d3f4fed_b.jpg,Per Olof Forsberg,flickr,by,2.0,https://creativecommons.org/licenses/by/2.0/,true,true
openverse,query,cloud formation,cloud formation,data/raw/images/web_sample/cloud_formation/362be551-0d2e-41a7-bc47-22e361de4c31_cloud_formation.jpg,1024,768,1024,683,https://www.flickr.com/photos/8469739@N05/3069584077,https://live.staticflickr.com/3173/3069584077_5e176a0e39_b.jpg,rando111us,flickr,by,2.0,https://creativecommons.org/licenses/by/2.0/,true,true
openverse,query,cloud formation,Kelvin Helmholtz cloud formation during Hartford sunset,data/raw/images/web_sample/cloud_formation/75bcff55-6deb-486a-bce8-fa44621ca8d4_Kelvin_Helmholtz_cloud_formation_during_Hartford_sunset.jpg,1024,768,1024,896,https://www.flickr.com/photos/184781347@N05/52179262441,https://live.staticflickr.com/65535/52179262441_b2794216fe_b.jpg,TonySprezzatura,flickr,cc0,1.0,https://creativecommons.org/publicdomain/zero/1.0/,true,true
openverse,query,cloud formation,The Rocky Mountains with Lenticular Cloud formation,data/raw/images/web_sample/cloud_formation/10ca7596-0bf5-4ab0-8c95-e76fd98ec553_The_Rocky_Mountains_with_Lenticular_Cloud_formation.jpg,1024,768,1024,768,https://www.flickr.com/photos/51344631@N06/6710907143,https://live.staticflickr.com/7002/6710907143_183a43f0d6_b.jpg,Matthew Straubmuller,flickr,by,2.0,https://creativecommons.org/licenses/by/2.0/,true,true
openverse,query,cloud formation,Tropical Clouds Formations in B&W | 140921-0132-jikatu,data/raw/images/web_sample/cloud_formation/0d7d5518-0386-4e8d-a9ee-287db109f5a8_Tropical_Clouds_Formations_in_B_W_140921-0132-jikatu.jpg,1024,768,1024,681,https://www.flickr.com/photos/7221539@N06/15350841195,https://live.staticflickr.com/2948/15350841195_e52b75904f_b.jpg,jikatu,flickr,by-sa,2.0,https://creativecommons.org/licenses/by-sa/2.0/,true,true
openverse,query,cloud formation,Cloud formation in Lake Michigan,data/raw/images/web_sample/cloud_formation/65e825a6-139f-4ba1-bb24-fc3d468c3fb6_Cloud_formation_in_Lake_Michigan.jpg,1024,768,1024,683,https://www.flickr.com/photos/43788330@N05/8740764791,https://live.staticflickr.com/7292/8740764791_0d73716fcb_b.jpg,NOAA Great Lakes Environmental Research Laboratory,flickr,by-sa,2.0,https://creativecommons.org/licenses/by-sa/2.0/,true,true
openverse,query,cloud formation,Cloud Formations,data/raw/images/web_sample/cloud_formation/e64f766f-6d73-4131-bde8-2b54241d7c3f_Cloud_Formations.jpg,1024,768,1024,768,http://www.flickr.com/photos/109715245@N06/48108160286,https://live.staticflickr.com/65535/48108160286_d74f123587_b.jpg,paaddor,flickr,by,2.0,https://creativecommons.org/licenses/by/2.0/,true,true
openverse,query,cloud formation,path to the light house and i like the cloud formations here,data/raw/images/web_sample/cloud_formation/a5c0db45-0f86-44b7-be9e-94a7b0ae99da_path_to_the_light_house_and_i_like_the_cloud_formations_here.jpg,1024,768,1024,615,https://www.flickr.com/photos/70285332@N00/15011348686,https://live.staticflickr.com/3913/15011348686_4871c96c86_b.jpg,▓▒░ TORLEY ░▒▓,flickr,by-sa,2.0,https://creativecommons.org/licenses/by-sa/2.0/,true,true
openverse,query,cloud formation,Cloud Formation,data/raw/images/web_sample/cloud_formation/fbab5f5c-96b8-47f1-a79e-b08a2e39d413_Cloud_Formation.jpg,1024,768,1024,680,https://www.flickr.com/photos/80909625@N00/4684021846,https://live.staticflickr.com/1288/4684021846_5739aa6b02_b.jpg,cwwycoff1,flickr,by,2.0,https://creativecommons.org/licenses/by/2.0/,true,true
openverse,query,cloud formation,Cloud Formation | 130821-8144-jikatu,data/raw/images/web_sample/cloud_formation/8758d777-8cf2-47d1-b556-47a933f54616_Cloud_Formation_130821-8144-jikatu.jpg,1024,768,1024,684,https://www.flickr.com/photos/7221539@N06/9591526105,https://live.staticflickr.com/7345/9591526105_beb53a86e2_b.jpg,jikatu,flickr,by-sa,2.0,https://creativecommons.org/licenses/by-sa/2.0/,true,true
openverse,query,cloud formation,Cloud formations bumping together,data/raw/images/web_sample/cloud_formation/9ebb8080-6da0-4136-a657-9ae7de493f9a_Cloud_formations_bumping_together.jpg,1024,768,1024,768,https://www.flickr.com/photos/84808926@N00/265491945,https://live.staticflickr.com/80/265491945_1c89a9112b_b.jpg,DrStarbuck,flickr,by,2.0,https://creativecommons.org/licenses/by/2.0/,true,true
openverse,query,cloud formation,Jet Propelled Cloud Formation,data/raw/images/web_sample/cloud_formation/ccd2c80c-1deb-4d06-94ac-d43d4f19ce6e_Jet_Propelled_Cloud_Formation.jpg,1024,768,1024,682,https://www.flickr.com/photos/22979102@N04/17767140493,https://live.staticflickr.com/7739/17767140493_d3ae5937e6_b.jpg,James P. Mann,flickr,by,2.0,https://creativecommons.org/licenses/by/2.0/,true,true
openverse,query,cloud formation,Clouds formation,data/raw/images/web_sample/cloud_formation/61bfde95-4537-48c8-989f-6f26b03590a9_Clouds_formation.jpg,1024,768,1024,768,https://www.flickr.com/photos/15622795@N05/2666333136,https://live.staticflickr.com/3171/2666333136_cda748b4bd_b.jpg,emrank,flickr,by,2.0,https://creativecommons.org/licenses/by/2.0/,true,true
openverse,query,cloud formation,Cloud formation over Glasshouse Mountains-1,data/raw/images/web_sample/cloud_formation/ce856068-32d5-466b-9181-aae2ff0346ac_Cloud_formation_over_Glasshouse_Mountains-1.jpg,1024,768,1024,680,https://www.flickr.com/photos/34534185@N00/13934350277,https://live.staticflickr.com/7409/13934350277_d6915478b1_b.jpg,Sheba Also 18 Million Views,flickr,by-sa,2.0,https://creativecommons.org/licenses/by-sa/2.0/,true,true
openverse,query,cloud formation,"Nice cloud formation over Lille, 2012/07/29 around 21:20",data/raw/images/web_sample/cloud_formation/9af52e41-96cf-4f9e-ae14-f4bdb0b715c5_Nice_cloud_formation_over_Lille_2012_07_29_around_21_20.jpg,1024,768,1024,1024,https://www.flickr.com/photos/26516928@N08/7671697050,https://live.staticflickr.com/7121/7671697050_847b79ac87_b.jpg,Damien Pollet,flickr,by-sa,2.0,https://creativecommons.org/licenses/by-sa/2.0/,true,true
openverse,query,cloud formation,Cloud Formation,data/raw/images/web_sample/cloud_formation/56c6c368-0116-4dd8-b1b4-44e8886f72a1_Cloud_Formation.jpg,1024,768,1024,683,https://www.flickr.com/photos/36967498@N00/28562335632,https://live.staticflickr.com/8579/28562335632_6a3860040b_b.jpg,Stewart Black,flickr,by,2.0,https://creativecommons.org/licenses/by/2.0/,true,true
openverse,query,cloud formation,Odd circular cloud formation,data/raw/images/web_sample/cloud_formation/8e6651e8-3860-475c-872c-06078461e088_Odd_circular_cloud_formation.jpg,1024,768,1024,768,https://www.flickr.com/photos/44124477712@N01/3737720536,https://live.staticflickr.com/3527/3737720536_b7691230d1_b.jpg,Elaine with Grey Cats,flickr,by-sa,2.0,https://creativecommons.org/licenses/by-sa/2.0/,true,true
openverse,query,cloud formation,Cloud formation looks like a tornado,data/raw/images/web_sample/cloud_formation/323275e7-78fc-4651-a3a3-59eb7dd2f4aa_Cloud_formation_looks_like_a_tornado.jpg,1024,768,1024,681,https://www.flickr.com/photos/20169331@N00/2586660909,https://live.staticflickr.com/3257/2586660909_150cd6f3fb_b.jpg,tequilamike,flickr,by,2.0,https://creativecommons.org/licenses/by/2.0/,true,true
openverse,query,cloud formation,Cloud Formation,data/raw/images/web_sample/cloud_formation/7abb5eeb-d31f-474d-90de-19c26fdada6f_Cloud_Formation.jpg,1024,768,1024,768,https://www.flickr.com/photos/11018968@N00/155665339,https://live.staticflickr.com/72/155665339_ceccbcdf82_b.jpg,Editor B,flickr,by,2.0,https://creativecommons.org/licenses/by/2.0/,true,true
openverse,query,cloud formation,"Lenticular cloud formations at sunset over Death Valley, Chile",data/raw/images/web_sample/cloud_formation/3959bbc6-147f-4492-8d42-554382185b6c_Lenticular_cloud_formations_at_sunset_over_Death_Valley_Chile.jpg,1024,768,1024,684,https://www.flickr.com/photos/18181501@N00/38362435935,https://live.staticflickr.com/4594/38362435935_8618bdd4c2_b.jpg,Winniepix,flickr,by,2.0,https://creativecommons.org/licenses/by/2.0/,true,true
openverse,query,cloud formation,Odd circular cloud formation,data/raw/images/web_sample/cloud_formation/abdc9e43-a19f-4ab0-b1ca-7298dfc466b7_Odd_circular_cloud_formation.jpg,1024,768,1024,768,https://www.flickr.com/photos/44124477712@N01/3736928693,https://live.staticflickr.com/2547/3736928693_b9d8e70bf9_b.jpg,Elaine with Grey Cats,flickr,by-sa,2.0,https://creativecommons.org/licenses/by-sa/2.0/,true,true
openverse,query,cloud formation,Cloud formation,data/raw/images/web_sample/cloud_formation/750b21f9-0caf-4947-8e31-3c46e5b3a62c_Cloud_formation.jpg,1024,768,1024,768,https://www.flickr.com/photos/26865339@N00/2363598616,https://live.staticflickr.com/2289/2363598616_2b6bda498d_b.jpg,MasterPhoto-DK,flickr,by,2.0,https://creativecommons.org/licenses/by/2.0/,true,true
openverse,query,cloud formation,Cloud formation over Silicon Valley,data/raw/images/web_sample/cloud_formation/880f8312-8baf-4397-8206-43699b3f704e_Cloud_formation_over_Silicon_Valley.jpg,1024,768,1024,698,https://www.flickr.com/photos/40648743@N00/16771637901,https://live.staticflickr.com/7618/16771637901_08ac339e07_b.jpg,jitze,flickr,by,2.0,https://creativecommons.org/licenses/by/2.0/,true,true
openverse,query,cloud formation,Cloud formation in Lake Michigan,data/raw/images/web_sample/cloud_formation/0a880cd8-8e62-463c-a8a3-5e1577feca69_Cloud_formation_in_Lake_Michigan.jpg,1024,768,1024,683,https://www.flickr.com/photos/43788330@N05/4058963486,https://live.staticflickr.com/2618/4058963486_2dd4310fe7_b.jpg,NOAA Great Lakes Environmental Research Laboratory,flickr,by-sa,2.0,https://creativecommons.org/licenses/by-sa/2.0/,true,true
openverse,query,cloud formation,Cool cloud Formation at Sunset Akron Ohio,data/raw/images/web_sample/cloud_formation/d3ec4412-e11f-4a23-8a7c-ea142f4f938e_Cool_cloud_Formation_at_Sunset_Akron_Ohio.jpg,1024,768,1024,683,https://www.flickr.com/photos/90403972@N00/49982332073,https://live.staticflickr.com/65535/49982332073_e459bb1eda_b.jpg,Seluryar,flickr,by,2.0,https://creativecommons.org/licenses/by/2.0/,true,true
openverse,query,cloud formation,"Lenticular cloud formations, New Zealand #mountains #sea #ocean #sounds #forest #newzealand #waves #boat #cloudformation #clouds #sky",data/raw/images/web_sample/cloud_formation/b2c16205-c9e8-4846-a203-0e4b9e87b892_Lenticular_cloud_formations_New_Zealand_mountains_sea_ocean_sounds_forest_newzealan.jpg,1024,768,1024,683,https://www.flickr.com/photos/53904724@N00/33816716733,https://live.staticflickr.com/4155/33816716733_52d9751984_b.jpg,EmmaElf,flickr,by,2.0,https://creativecommons.org/licenses/by/2.0/,true,true
openverse,query,cloud formation,AZ Cloud formations,data/raw/images/web_sample/cloud_formation/d97d5cce-2a0d-4d7d-9b23-9150ffbc0bea_AZ_Cloud_formations.jpg,1024,768,1024,757,https://www.flickr.com/photos/91655741@N00/12538179,https://live.staticflickr.com/11/12538179_c2df6cd48c_b.jpg,darinmarshall,flickr,by-sa,2.0,https://creativecommons.org/licenses/by-sa/2.0/,true,true
openverse,query,cloud formation,Cloud Formations,data/raw/images/web_sample/cloud_formation/6518e594-dc1f-4a0d-a949-8443db2018d5_Cloud_Formations.jpg,1024,768,1024,768,https://www.flickr.com/photos/28752865@N08/19840634691,https://live.staticflickr.com/450/19840634691_45b54c7184_b.jpg,Karen Roe,flickr,by,2.0,https://creativecommons.org/licenses/by/2.0/,true,true
openverse,query,cloud formation,Gorgeous cloud formation over Vancouver,data/raw/images/web_sample/cloud_formation/4fbf84d2-1117-4b0d-8fba-52bcc2ef7567_Gorgeous_cloud_formation_over_Vancouver.jpg,1024,768,1024,768,https://www.flickr.com/photos/56846157@N00/4404771211,https://live.staticflickr.com/4055/4404771211_b9fb75d3f8_b.jpg,Christine Rondeau,flickr,by,2.0,https://creativecommons.org/licenses/by/2.0/,true,true
openverse,query,cloud formation,Amazing cloud formations,data/raw/images/web_sample/cloud_formation/ea622a30-8ae9-425e-a891-945c9c1ddb0b_Amazing_cloud_formations.jpg,1024,768,1024,681,https://www.flickr.com/photos/38154080@N00/501438468,https://live.staticflickr.com/189/501438468_1615764c48_b.jpg,Rupert Taylor-Price,flickr,by,2.0,https://creativecommons.org/licenses/by/2.0/,true,true
openverse,query,cloud formation,2014 (Day 200 - July 19th): Scary cloud formation,data/raw/images/web_sample/cloud_formation/d366caa4-b30c-4e7b-b41d-cd8c429e4ae6_2014_Day_200_-_July_19th_Scary_cloud_formation.jpg,1024,768,1024,767,https://www.flickr.com/photos/30139045@N00/14707913745,https://live.staticflickr.com/3852/14707913745_603cfa3e1c_b.jpg,tawalker,flickr,by,2.0,https://creativecommons.org/licenses/by/2.0/,true,true
openverse,query,cloud formation,Cloud formation,data/raw/images/web_sample/cloud_formation/64c015d6-f840-42cf-9ea3-ca409108a9a5_Cloud_formation.jpg,1024,768,1024,768,https://www.flickr.com/photos/43981043@N03/4162079322,https://live.staticflickr.com/2559/4162079322_9f77943899_b.jpg,ShravanSamurai,flickr,by,2.0,https://creativecommons.org/licenses/by/2.0/,true,true
openverse,query,cloud formation,Cloud Formations.,data/raw/images/web_sample/cloud_formation/ad91dbb1-a71a-4bd9-94b2-0f84d2ed2a4f_Cloud_Formations.jpg,1024,768,1024,768,https://www.flickr.com/photos/8286908@N02/1171096586,https://live.staticflickr.com/1069/1171096586_ac0d61f130_b.jpg,Xjs-Khaos,flickr,by-sa,2.0,https://creativecommons.org/licenses/by-sa/2.0/,true,true
openverse,query,cloud formation,"Unusual cloud formation, Vik, Iceland",data/raw/images/web_sample/cloud_formation/527ff8e0-186a-4821-918a-14b162b515d6_Unusual_cloud_formation_Vik_Iceland.jpg,1024,768,1024,768,https://www.flickr.com/photos/31518985@N04/16235566423,https://live.staticflickr.com/7644/16235566423_30624ef26c_b.jpg,ambabheg,flickr,by,2.0,https://creativecommons.org/licenses/by/2.0/,true,true
openverse,query,cloud formation,Beautiful cloud formations,data/raw/images/web_sample/cloud_formation/82e5b3e9-bf73-4827-9a8b-a33c04355212_Beautiful_cloud_formations.jpg,1024,768,1024,682,https://www.flickr.com/photos/34073237@N04/3593121509,https://live.staticflickr.com/3357/3593121509_a29390c95b_b.jpg,Christian Haugen,flickr,by,2.0,https://creativecommons.org/licenses/by/2.0/,true,true
openverse,query,cloud formation,Cloud formations and lakes,data/raw/images/web_sample/cloud_formation/ea6bcc2c-3bd8-43d1-b404-d28fb5be9127_Cloud_formations_and_lakes.jpg,1024,768,1024,768,https://www.flickr.com/photos/14868775@N07/4532334582,https://live.staticflickr.com/2752/4532334582_21739b3b37_b.jpg,MrHicks46,flickr,by-sa,2.0,https://creativecommons.org/licenses/by-sa/2.0/,true,true
openverse,query,cloud formation,Cloud Formations in Italien,data/raw/images/web_sample/cloud_formation/49cbb913-e659-4d02-a437-9da2096ad0bc_Cloud_Formations_in_Italien.jpg,1024,768,1024,768,https://www.flickr.com/photos/190799284@N06/52297372312,https://live.staticflickr.com/65535/52297372312_45de26e6e1_b.jpg,tenzin.peljor,flickr,by-sa,2.0,https://creativecommons.org/licenses/by-sa/2.0/,true,true
openverse,query,cloud formation,Cloud Formations,data/raw/images/web_sample/cloud_formation/1c1847b6-25a5-482c-9b93-a20a90cb741c_Cloud_Formations.jpg,1024,768,1024,768,https://www.flickr.com/photos/76823320@N07/6900061608,https://live.staticflickr.com/7055/6900061608_3085bb6d6b_b.jpg,Taylor Ann.,flickr,by-sa,2.0,https://creativecommons.org/licenses/by-sa/2.0/,true,true
openverse,query,cloud formation,Intense high level cloud formations,data/raw/images/web_sample/cloud_formation/7e324613-54ed-4776-9dc4-e90eae524a8d_Intense_high_level_cloud_formations.jpg,1024,768,1024,728,https://www.flickr.com/photos/53725815@N00/1427586440,https://live.staticflickr.com/1087/1427586440_9252be1447_b.jpg,Nick Bramhall,flickr,by-sa,2.0,https://creativecommons.org/licenses/by-sa/2.0/,true,true
openverse,query,cloud formation,Cloud Formations,data/raw/images/web_sample/cloud_formation/d17097c9-c57e-4c0e-a7b0-ead94543902b_Cloud_Formations.jpg,1024,768,1024,681,https://www.flickr.com/photos/45488928@N00/859461564,https://live.staticflickr.com/1140/859461564_b29d52ad9d_b.jpg,Cristiano Betta,flickr,by,2.0,https://creativecommons.org/licenses/by/2.0/,true,true
openverse,query,cloud formation,Turbulent cloud formation in the distance,data/raw/images/web_sample/cloud_formation/b6abba12-04bf-4584-9db5-22e6b5ede7c5_Turbulent_cloud_formation_in_the_distance.jpg,1024,768,1024,768,https://www.flickr.com/photos/79382895@N08/7702866542,https://live.staticflickr.com/7273/7702866542_6abd33aec4_b.jpg,PsJeremy,flickr,by,2.0,https://creativecommons.org/licenses/by/2.0/,true,true
openverse,query,cloud formation,Superb cloud formations last night #Canberra #visitcanberra #cbr,data/raw/images/web_sample/cloud_formation/454fc63d-c3dd-4292-8f6a-c898960265a3_Superb_cloud_formations_last_night_Canberra_visitcanberra_cbr.jpg,1024,768,1024,1024,https://www.flickr.com/photos/92632631@N00/30288100760,https://live.staticflickr.com/5621/30288100760_82cdcf270e_b.jpg,Sarah M Stewart,flickr,by,2.0,https://creativecommons.org/licenses/by/2.0/,true,true
openverse,query,cloud formation,Clouds formations in the sky,data/raw/images/web_sample/cloud_formation/086104cf-4b6c-46e5-97a3-958aac2c08ee_Clouds_formations_in_the_sky.jpg,1024,768,1024,768,https://www.flickr.com/photos/37588803@N00/1518273008,https://live.staticflickr.com/2055/1518273008_6097a887a2_b.jpg,Radhika Bhagwat,flickr,by-sa,2.0,https://creativecommons.org/licenses/by-sa/2.0/,true,true
openverse,query,cloud formation,Cloud Formations,data/raw/images/web_sample/cloud_formation/92b68faa-bec8-45b7-9b9c-367bdc4f51c0_Cloud_Formations.jpg,1024,768,1024,681,https://www.flickr.com/photos/45488928@N00/858606689,https://live.staticflickr.com/1039/858606689_e5e83d832f_b.jpg,Cristiano Betta,flickr,by,2.0,https://creativecommons.org/licenses/by/2.0/,true,true
openverse,query,cloud formation,Landscape with interesting cloud formation,data/raw/images/web_sample/cloud_formation/7f776995-3d17-4b5d-8f32-c5d21422b1f0_Landscape_with_interesting_cloud_formation.jpg,1024,768,1024,768,https://www.flickr.com/photos/90511472@N00/7151942935,https://live.staticflickr.com/8144/7151942935_25763582f6_b.jpg,Jussarian,flickr,by-sa,2.0,https://creativecommons.org/licenses/by-sa/2.0/,true,true
openverse,query,cloud formation,'Bird' cloud formation,data/raw/images/web_sample/cloud_formation/5bb250b7-7984-40f2-ad17-01783d90f29c__Bird_cloud_formation.jpg,1024,768,1024,683,https://www.flickr.com/photos/81624096@N00/4489644390,https://live.staticflickr.com/4009/4489644390_1dfd064433_b.jpg,far closer,flickr,by,2.0,https://creativecommons.org/licenses/by/2.0/,true,true
openverse,query,cloud formation,Great cloud formations today 23-05-14,data/raw/images/web_sample/cloud_formation/29049e68-83af-4195-b51f-436ddbe92c61_Great_cloud_formations_today_23-05-14.jpg,1024,768,1024,683,https://www.flickr.com/photos/37763646@N06/14062728458,https://live.staticflickr.com/5073/14062728458_9948d1daca_b.jpg,Francis Vallance (Heritage Warrior),flickr,by,2.0,https://creativecommons.org/licenses/by/2.0/,true,true
openverse,query,cloud formation,Cloud Formations,data/raw/images/web_sample/cloud_formation/803f04f1-4f45-43f7-82b2-32ee37c7326a_Cloud_Formations.jpg,1024,768,1024,768,https://www.flickr.com/photos/76771237@N00/3728431031,https://live.staticflickr.com/3515/3728431031_1f496912dd_b.jpg,MagicOlf,flickr,by-sa,2.0,https://creativecommons.org/licenses/by-sa/2.0/,true,true
openverse,query,cloud formation,Early morning cloud formations,data/raw/images/web_sample/cloud_formation/7d6872ff-f2d8-449b-8854-b857987cbcf4_Early_morning_cloud_formations.jpg,1024,768,1024,640,https://www.flickr.com/photos/11219706@N00/3825849312,https://live.staticflickr.com/2455/3825849312_f87b599e87_b.jpg,stanchow,flickr,by,2.0,https://creativecommons.org/licenses/by/2.0/,true,true
openverse,query,cloud formation,Great cloud formations today 23-05-14CF1925,data/raw/images/web_sample/cloud_formation/d9eb2a8e-3ee3-487f-a06f-9ebe899fcde9_Great_cloud_formations_today_23-05-14CF1925.jpg,1024,768,1024,683,https://www.flickr.com/photos/37763646@N06/14246092201,https://live.staticflickr.com/5272/14246092201_cf95fd9f34_b.jpg,Francis Vallance (Heritage Warrior),flickr,by,2.0,https://creativecommons.org/licenses/by/2.0/,true,true
openverse,query,cloud formation,Great cloud formations today 23-05-141927,data/raw/images/web_sample/cloud_formation/bc8075ac-3206-4e57-b710-8851e93fdf2c_Great_cloud_formations_today_23-05-141927.jpg,1024,768,1024,683,https://www.flickr.com/photos/37763646@N06/14226240266,https://live.staticflickr.com/5558/14226240266_18d584f363_b.jpg,Francis Vallance (Heritage Warrior),flickr,by,2.0,https://creativecommons.org/licenses/by/2.0/,true,true
openverse,query,cloud formation,Cloud formations,data/raw/images/web_sample/cloud_formation/4d5e082b-78c4-4c51-aa62-a5db938a1830_Cloud_formations.jpg,1024,768,1024,768,https://www.flickr.com/photos/8701549@N02/3055046206,https://live.staticflickr.com/3227/3055046206_89fa42c961_b.jpg,j.clark,flickr,by,2.0,https://creativecommons.org/licenses/by/2.0/,true,true
openverse,query,cloud formation,Beautiful cloud formations,data/raw/images/web_sample/cloud_formation/357703ac-79c0-430c-bcbf-70ce2dfde5ee_Beautiful_cloud_formations.jpg,1024,768,1024,682,https://www.flickr.com/photos/34073237@N04/3593935008,https://live.staticflickr.com/3414/3593935008_af8185cec8_b.jpg,Christian Haugen,flickr,by,2.0,https://creativecommons.org/licenses/by/2.0/,true,true
openverse,query,cloud formation,Cloud Formations,data/raw/images/web_sample/cloud_formation/4283723d-ddc4-4dcc-b8b2-0bd3292d01d6_Cloud_Formations.jpg,1024,768,1024,768,https://www.flickr.com/photos/14812197@N00/4782250356,https://live.staticflickr.com/4138/4782250356_bf4873530d_b.jpg,vxla,flickr,by,2.0,https://creativecommons.org/licenses/by/2.0/,true,true
openverse,query,cloud formation,Odd cloud formation,data/raw/images/web_sample/cloud_formation/2c3a09f7-7ace-4d36-809f-f26c2b4fe9bf_Odd_cloud_formation.jpg,1024,768,1024,768,https://www.flickr.com/photos/26209464@N00/11154511353,https://live.staticflickr.com/5519/11154511353_b7a76b02eb_b.jpg,simonov,flickr,by-sa,2.0,https://creativecommons.org/licenses/by-sa/2.0/,true,true
openverse,query,cloud formation,Cloud formations after the storm,data/raw/images/web_sample/cloud_formation/43f3d099-9d64-4437-b910-338fafd9db90_Cloud_formations_after_the_storm.jpg,1024,768,1024,683,https://www.flickr.com/photos/63388652@N07/7588191454,https://live.staticflickr.com/7266/7588191454_992f1c382b_b.jpg,synestheticstrings,flickr,by-sa,2.0,https://creativecommons.org/licenses/by-sa/2.0/,true,true
openverse,query,cloud formation,Cloud Formations - Hole in the Sky,data/raw/images/web_sample/cloud_formation/1b945151-ac7c-4c3c-b303-d14030106292_Cloud_Formations_-_Hole_in_the_Sky.jpg,1024,768,1024,768,https://www.flickr.com/photos/76771237@N00/3729233704,https://live.staticflickr.com/2648/3729233704_764099c6cc_b.jpg,MagicOlf,flickr,by-sa,2.0,https://creativecommons.org/licenses/by-sa/2.0/,true,true
openverse,query,cloud formation,Cloud Formation,data/raw/images/web_sample/cloud_formation/c8acf6af-946c-4822-add5-a04e61405c33_Cloud_Formation.jpg,1024,768,1024,683,https://www.flickr.com/photos/124240658@N06/14655639194,https://live.staticflickr.com/3878/14655639194_4e98700d32_b.jpg,NiePhotography,flickr,by-sa,2.0,https://creativecommons.org/licenses/by-sa/2.0/,true,true
openverse,query,cloud formation,2018-10-19 - Sunrise & early morning cloud formation - South Birmingham,data/raw/images/web_sample/cloud_formation/abf10bf7-e247-471b-8b1c-f48e4824c0de_2018-10-19_-_Sunrise_early_morning_cloud_formation_-_South_Birmingham.jpg,1024,768,1024,768,https://www.flickr.com/photos/53499099@N00/44513262215,https://live.staticflickr.com/1964/44513262215_b21d590ce4_b.jpg,CharmaineZoe's Marvelous Melange,flickr,by,2.0,https://creativecommons.org/licenses/by/2.0/,true,true
openverse,query,cloud formation,Cloud Formations,data/raw/images/web_sample/cloud_formation/16a4c1c3-b55b-4430-8294-6cb7d11e7c5b_Cloud_Formations.jpg,1024,768,1024,681,https://www.flickr.com/photos/45488928@N00/859465014,https://live.staticflickr.com/1001/859465014_f485ed30a3_b.jpg,Cristiano Betta,flickr,by,2.0,https://creativecommons.org/licenses/by/2.0/,true,true
openverse,query,cloud formation,2018-10-19 - Early morning cloud formation reflecting the sunrise - South Birmingham,data/raw/images/web_sample/cloud_formation/afc53b16-4000-4a94-b971-b7fd34675cdd_2018-10-19_-_Early_morning_cloud_formation_reflecting_the_sunrise_-_South_Birmingha.jpg,1024,768,1024,768,https://www.flickr.com/photos/53499099@N00/45376662712,https://live.staticflickr.com/1929/45376662712_1ce0e5911e_b.jpg,CharmaineZoe's Marvelous Melange,flickr,by,2.0,https://creativecommons.org/licenses/by/2.0/,true,true
openverse,query,cloud formation,"Amazing cloud formation and sea - Pittenweem, Fife, Scotland",data/raw/images/web_sample/cloud_formation/eb7f2e6a-7442-4efe-a12f-4d4b15f9a5db_Amazing_cloud_formation_and_sea_-_Pittenweem_Fife_Scotland.jpg,1024,768,1024,768,https://www.flickr.com/photos/10978503@N00/15564333074,https://live.staticflickr.com/7489/15564333074_a490c1c337_b.jpg,Glen Bowman,flickr,by,2.0,https://creativecommons.org/licenses/by/2.0/,true,true
openverse,query,cloud formation,Interesting Cloud Formation,data/raw/images/web_sample/cloud_formation/13a08192-28da-4f78-94b0-c82c55d1e8aa_Interesting_Cloud_Formation.jpg,1024,768,1024,680,https://www.flickr.com/photos/14088796@N02/3002821224,https://live.staticflickr.com/3219/3002821224_dc47e03a43_b.jpg,Mr Phil Price,flickr,by-sa,2.0,https://creativecommons.org/licenses/by-sa/2.0/,true,true
openverse,query,cloud formation,DSCF18Great cloud formations today 23-05-1440,data/raw/images/web_sample/cloud_formation/3602979e-fa09-45d5-9296-ef109c8b08e9_DSCF18Great_cloud_formations_today_23-05-1440.jpg,1024,768,1024,683,https://www.flickr.com/photos/37763646@N06/14249100744,https://live.staticflickr.com/2934/14249100744_1170d2bded_b.jpg,Francis Vallance (Heritage Warrior),flickr,by,2.0,https://creativecommons.org/licenses/by/2.0/,true,true
openverse,query,cloud formation,cloud formations,data/raw/images/web_sample/cloud_formation/19578108-d0e9-4c0e-863a-5784707ea015_cloud_formations.jpg,1024,768,1024,768,https://www.flickr.com/photos/36307913@N00/332597755,https://live.staticflickr.com/155/332597755_c7687a2bea_b.jpg,freddie boy,flickr,by-sa,2.0,https://creativecommons.org/licenses/by-sa/2.0/,true,true
openverse,query,cloud formation,2018-10-19 - Sunrise & early morning cloud formation - South Birmingham,data/raw/images/web_sample/cloud_formation/2ca37636-2972-4bd5-ac0a-e259ee9ef3eb_2018-10-19_-_Sunrise_early_morning_cloud_formation_-_South_Birmingham.jpg,1024,768,1024,768,https://www.flickr.com/photos/53499099@N00/31552979118,https://live.staticflickr.com/1953/31552979118_0d773d75c3_b.jpg,CharmaineZoe's Marvelous Melange,flickr,by,2.0,https://creativecommons.org/licenses/by/2.0/,true,true
openverse,query,cloud formation,Great cloud formations today 23-05-14F1921,data/raw/images/web_sample/cloud_formation/d30f3e27-cde6-4d65-a55a-4a2369c95e32_Great_cloud_formations_today_23-05-14F1921.jpg,1024,768,1024,683,https://www.flickr.com/photos/37763646@N06/14269572743,https://live.staticflickr.com/2940/14269572743_dded82f724_b.jpg,Francis Vallance (Heritage Warrior),flickr,by,2.0,https://creativecommons.org/licenses/by/2.0/,true,true
openverse,query,cloud formation,"Cloud formation, bird",data/raw/images/web_sample/cloud_formation/75ae4bb7-f1b3-418d-b0e0-fd9ea1c8df45_Cloud_formation_bird.jpg,1024,768,1024,768,https://www.flickr.com/photos/22922368@N00/2702392139,https://live.staticflickr.com/3209/2702392139_7be9ed523a_b.jpg,claumoho,flickr,by,2.0,https://creativecommons.org/licenses/by/2.0/,true,true
openverse,query,cloud formation,Interesting light and cloud formations,data/raw/images/web_sample/cloud_formation/f1dd7bf2-7f4e-4019-bc51-d04bc92083c9_Interesting_light_and_cloud_formations.jpg,1024,768,1024,685,https://www.flickr.com/photos/59044760@N05/6610000093,https://live.staticflickr.com/7172/6610000093_5d5d18f4d3_b.jpg,Eje Gustafsson,flickr,by,2.0,https://creativecommons.org/licenses/by/2.0/,true,true
openverse,query,cloud formation,cloud formation,data/raw/images/web_sample/cloud_formation/2b3f0800-12a6-4ab9-9be8-c9e62fb45fed_cloud_formation.jpg,1024,768,1024,681,https://www.flickr.com/photos/39551578@N00/3508242928,https://live.staticflickr.com/3563/3508242928_2a5b1b8f80_b.jpg,AnneCN,flickr,by,2.0,https://creativecommons.org/licenses/by/2.0/,true,true
openverse,query,cloud formation,"Low sun and amazing cloud formation over the shore - Pittenweem, Fife, Scotland",data/raw/images/web_sample/cloud_formation/9edaa9dd-dd6c-4d98-b2af-bff9034f9c94_Low_sun_and_amazing_cloud_formation_over_the_shore_-_Pittenweem_Fife_Scotland.jpg,1024,768,1024,768,https://www.flickr.com/photos/10978503@N00/16184830401,https://live.staticflickr.com/7523/16184830401_d8983ae180_b.jpg,Glen Bowman,flickr,by,2.0,https://creativecommons.org/licenses/by/2.0/,true,true
openverse,query,cloud formation,"Lenticular cloud formations, New Zealand #mountains #sea #ocean #sounds #forest #newzealand #waves #boat #cloudformation #clouds #sky",data/raw/images/web_sample/cloud_formation/d963a54f-8f25-4f86-a84b-ecd0663dbd26_Lenticular_cloud_formations_New_Zealand_mountains_sea_ocean_sounds_forest_newzealan.jpg,1024,768,1024,683,https://www.flickr.com/photos/53904724@N00/33927491546,https://live.staticflickr.com/2812/33927491546_37304ed57d_b.jpg,EmmaElf,flickr,by,2.0,https://creativecommons.org/licenses/by/2.0/,true,true
openverse,query,cloud formation,Cloud formation,data/raw/images/web_sample/cloud_formation/9e707b7b-2d75-402a-a727-550d49c6699e_Cloud_formation.jpg,1024,768,1024,768,https://www.flickr.com/photos/22922368@N00/2703213590,https://live.staticflickr.com/3195/2703213590_13b43499da_b.jpg,claumoho,flickr,by,2.0,https://creativecommons.org/licenses/by/2.0/,true,true
openverse,query,cloud formation,Cloud formations over Château de Quéribus,data/raw/images/web_sample/cloud_formation/0488653e-9d39-4261-98dc-5d23d4a76288_Cloud_formations_over_Ch_teau_de_Qu_ribus.jpg,1024,768,1024,768,https://www.flickr.com/photos/83651095@N00/4660726622,https://live.staticflickr.com/4034/4660726622_fe0feeab06_b.jpg,emmalwallace,flickr,by-sa,2.0,https://creativecommons.org/licenses/by-sa/2.0/,true,true
openverse,query,cloud formation,Cool Cloud Formation,data/raw/images/web_sample/cloud_formation/9b061692-4072-4c1a-bbec-672e14412007_Cool_Cloud_Formation.jpg,1024,768,1024,683,https://www.flickr.com/photos/10239508@N07/4598013420,https://live.staticflickr.com/1167/4598013420_5a7c98726f_b.jpg,mmmavocado,flickr,by,2.0,https://creativecommons.org/licenses/by/2.0/,true,true
openverse,query,cloud formation,Cloud Formation,data/raw/images/web_sample/cloud_formation/03863335-9490-44b1-b578-1fe28373274f_Cloud_Formation.jpg,1024,768,1024,715,https://www.flickr.com/photos/31801622@N07/3813782699,https://live.staticflickr.com/2667/3813782699_ea7df5804d_b.jpg,bobosh_t,flickr,by-sa,2.0,https://creativecommons.org/licenses/by-sa/2.0/,true,true
openverse,query,cloud formation,Great cloud formations today 23-05-14,data/raw/images/web_sample/cloud_formation/9689930f-8fa3-48af-8ffa-35101cea6d1d_Great_cloud_formations_today_23-05-14.jpg,1024,768,1024,683,https://www.flickr.com/photos/37763646@N06/14246126871,https://live.staticflickr.com/2895/14246126871_95fe9dc85e_b.jpg,Francis Vallance (Heritage Warrior),flickr,by,2.0,https://creativecommons.org/licenses/by/2.0/,true,true
openverse,query,cloud formation,Cloud Formations in the Southern Ocean,data/raw/images/web_sample/cloud_formation/71b2d246-9b98-4010-a8a5-b0663d89568d_Cloud_Formations_in_the_Southern_Ocean.jpg,1024,768,1024,606,https://www.flickr.com/photos/158650882@N02/50494238286,https://live.staticflickr.com/65535/50494238286_d2260c5932_b.jpg,SentinelHub,flickr,by,2.0,https://creativecommons.org/licenses/by/2.0/,true,true
openverse,query,cloud formation,Great cloud formations today 23-05-14,data/raw/images/web_sample/cloud_formation/9368dab8-14ce-42fb-a99d-3ae29189cea9_Great_cloud_formations_today_23-05-14.jpg,1024,768,1024,683,https://www.flickr.com/photos/37763646@N06/14246098961,https://live.staticflickr.com/2934/14246098961_05246e5e9a_b.jpg,Francis Vallance (Heritage Warrior),flickr,by,2.0,https://creativecommons.org/licenses/by/2.0/,true,true
openverse,query,cloud formation,Cloud Formation,data/raw/images/web_sample/cloud_formation/bcc82f57-da16-4413-8b62-0dd1296c1b08_Cloud_Formation.jpg,1024,768,1024,768,https://www.flickr.com/photos/12767075@N02/2408672003,https://live.staticflickr.com/3079/2408672003_312dcf7f5b_b.jpg,Daniel Paixão Fontes,flickr,by,2.0,https://creativecommons.org/licenses/by/2.0/,true,true
openverse,query,cloud formation,Cloud Formation,data/raw/images/web_sample/cloud_formation/371c1ced-2982-4f6b-89c7-c807f34c917c_Cloud_Formation.jpg,1024,768,1024,683,https://www.flickr.com/photos/124240658@N06/14655901294,https://live.staticflickr.com/2918/14655901294_2e96182e63_b.jpg,NiePhotography,flickr,by-sa,2.0,https://creativecommons.org/licenses/by-sa/2.0/,true,true
openverse,query,cloud formation,Cloud formation over Cheadle Staffs (1),data/raw/images/web_sample/cloud_formation/02b02f1d-5eff-42f9-9347-32813d2273e9_Cloud_formation_over_Cheadle_Staffs_1.jpg,1024,768,1024,768,https://www.flickr.com/photos/76419154@N00/34071572583,https://live.staticflickr.com/4223/34071572583_596248d546_b.jpg,Glosters,flickr,by,2.0,https://creativecommons.org/licenses/by/2.0/,true,true
openverse,query,cloud formation,"Cloud formation, again",data/raw/images/web_sample/cloud_formation/32e4f360-2b5b-4d11-9268-9c1b2995debc_Cloud_formation_again.jpg,1024,768,1024,768,https://www.flickr.com/photos/22922368@N00/2703209376,https://live.staticflickr.com/3081/2703209376_d82549383c_b.jpg,claumoho,flickr,by,2.0,https://creativecommons.org/licenses/by/2.0/,true,true
openverse,query,cloud formation,SDIM9670 Fall Colors and Unusual Cloud Formation,data/raw/images/web_sample/cloud_formation/239e898c-052d-4236-b02b-65df8a3c17c6_SDIM9670_Fall_Colors_and_Unusual_Cloud_Formation.jpg,1024,768,1024,640,https://www.flickr.com/photos/12535240@N05/5206309229,https://live.staticflickr.com/5166/5206309229_b1d63b5259_b.jpg,carlfbagge,flickr,by,2.0,https://creativecommons.org/licenses/by/2.0/,true,true
openverse,query,cloud formation,Cloud Formation,data/raw/images/web_sample/cloud_formation/138896e4-de44-4ede-b4ae-dbc90caa74e8_Cloud_Formation.jpg,1024,768,1024,683,https://www.flickr.com/photos/124240658@N06/14471252919,https://live.staticflickr.com/5514/14471252919_1fbb050e48_b.jpg,NiePhotography,flickr,by-sa,2.0,https://creativecommons.org/licenses/by-sa/2.0/,true,true
openverse,query,cloud formation,tornado-like cloud formation,data/raw/images/web_sample/cloud_formation/1aea03de-9644-48b8-8555-f2fb2df04481_tornado-like_cloud_formation.jpg,1024,768,1024,768,https://www.flickr.com/photos/99564668@N00/408859791,https://live.staticflickr.com/147/408859791_24849735a7_b.jpg,jaygooby,flickr,by,2.0,https://creativecommons.org/licenses/by/2.0/,true,true
openverse,query,cloud formation,"Amazing cloud formation and sea - Pittenweem, Fife, Scotland",data/raw/images/web_sample/cloud_formation/1f3a92fa-ce36-41d4-85df-43eff83b8fb2_Amazing_cloud_formation_and_sea_-_Pittenweem_Fife_Scotland.jpg,1024,768,1024,768,https://www.flickr.com/photos/10978503@N00/15999261158,https://live.staticflickr.com/7560/15999261158_eec21d76d0_b.jpg,Glen Bowman,flickr,by,2.0,https://creativecommons.org/licenses/by/2.0/,true,true
openverse,query,cloud formation,Great cloud formations today 23-05-141917,data/raw/images/web_sample/cloud_formation/20a0ce12-7987-4e56-8f2b-c271ab4f853a_Great_cloud_formations_today_23-05-141917.jpg,1024,768,1024,683,https://www.flickr.com/photos/37763646@N06/14249069304,https://live.staticflickr.com/2904/14249069304_2a34b19df7_b.jpg,Francis Vallance (Heritage Warrior),flickr,by,2.0,https://creativecommons.org/licenses/by/2.0/,true,true
openverse,query,cloud formation,Cloud formation over Sandgate Qld=,data/raw/images/web_sample/cloud_formation/52064528-d12a-42d2-8150-5730af78eaf0_Cloud_formation_over_Sandgate_Qld.jpg,1024,768,1024,689,https://www.flickr.com/photos/34534185@N00/51411630457,https://live.staticflickr.com/65535/51411630457_1d5dfac73f_b.jpg,53 k Photos,flickr,by-sa,2.0,https://creativecommons.org/licenses/by-sa/2.0/,true,true
openverse,query,cloud formation,Cloud formation over Cheadle Staffs (3),data/raw/images/web_sample/cloud_formation/ae1fe1ab-c731-410e-ac4a-88c8be1e44cf_Cloud_formation_over_Cheadle_Staffs_3.jpg,1024,768,1024,768,https://www.flickr.com/photos/76419154@N00/34071570893,https://live.staticflickr.com/4195/34071570893_4f3a0b89a0_b.jpg,Glosters,flickr,by,2.0,https://creativecommons.org/licenses/by/2.0/,true,true
openverse,query,cloud formation,Great cloud formations today 23-05-14F1904,data/raw/images/web_sample/cloud_formation/c87d02d0-ac3d-4d16-9bdf-c71535467f5b_Great_cloud_formations_today_23-05-14F1904.jpg,1024,768,1024,683,https://www.flickr.com/photos/37763646@N06/14226252206,https://live.staticflickr.com/5116/14226252206_e36526c7b3_b.jpg,Francis Vallance (Heritage Warrior),flickr,by,2.0,https://creativecommons.org/licenses/by/2.0/,true,true
openverse,query,cloud formation,cloud formation,data/raw/images/web_sample/cloud_formation/6b646e8e-d87d-4321-bd17-217d1affdba6_cloud_formation.jpg,1024,768,1024,683,https://www.flickr.com/photos/64304130@N00/72740502,https://live.staticflickr.com/35/72740502_399db6ca69_b.jpg,ritingon,flickr,by,2.0,https://creativecommons.org/licenses/by/2.0/,true,true
openverse,query,cloud formation,Great cloud formations today 23-05-14F1908,data/raw/images/web_sample/cloud_formation/fea4726c-ce99-4b70-a543-c871041bd23c_Great_cloud_formations_today_23-05-14F1908.jpg,1024,768,1024,683,https://www.flickr.com/photos/37763646@N06/14062740468,https://live.staticflickr.com/5522/14062740468_96ba139e91_b.jpg,Francis Vallance (Heritage Warrior),flickr,by,2.0,https://creativecommons.org/licenses/by/2.0/,true,true
openverse,query,cloud formation,Great cloud formations today 23-05-148,data/raw/images/web_sample/cloud_formation/48cf4c19-5b17-419f-9260-4e69393086fd_Great_cloud_formations_today_23-05-148.jpg,1024,768,1024,683,https://www.flickr.com/photos/37763646@N06/14249078464,https://live.staticflickr.com/5156/14249078464_79176c4ce4_b.jpg,Francis Vallance (Heritage Warrior),flickr,by,2.0,https://creativecommons.org/licenses/by/2.0/,true,true
openverse,query,cloud formation,Cloud Formations 3,data/raw/images/web_sample/cloud_formation/01c67d4b-9c88-4a15-9da4-39db67db017a_Cloud_Formations_3.jpg,1024,768,1024,768,https://www.flickr.com/photos/33785645@N00/45033239012,https://live.staticflickr.com/1908/45033239012_a2662d2f8f_b.jpg,Theo K,flickr,by-sa,2.0,https://creativecommons.org/licenses/by-sa/2.0/,true,true
openverse,query,cloud formation,Cloud formations at David Gareji,data/raw/images/web_sample/cloud_formation/22ab9000-da03-4ef6-a0ef-a29255a7370a_Cloud_formations_at_David_Gareji.jpg,1024,768,1024,768,https://www.flickr.com/photos/51614546@N00/7678669406,https://live.staticflickr.com/7253/7678669406_094b8310e7_b.jpg,DDohler,flickr,by,2.0,https://creativecommons.org/licenses/by/2.0/,true,true
openverse,query,cloud formation,Great cloud formations today 23-05-14SCF1877,data/raw/images/web_sample/cloud_formation/2b6721e9-d712-4848-bf99-ca09c1a4c37d_Great_cloud_formations_today_23-05-14SCF1877.jpg,1024,768,1024,683,https://www.flickr.com/photos/37763646@N06/14246112701,https://live.staticflickr.com/2907/14246112701_87ee4b5fa3_b.jpg,Francis Vallance (Heritage Warrior),flickr,by,2.0,https://creativecommons.org/licenses/by/2.0/,true,true
openverse,query,cloud formation,Sunset cloud formation,data/raw/images/web_sample/cloud_formation/7625c32f-eddc-4eac-b618-4e4e2b11a0c5_Sunset_cloud_formation.jpg,1024,768,1024,768,https://www.flickr.com/photos/62357671@N00/10323066256,https://live.staticflickr.com/3717/10323066256_719bdfaa68_b.jpg,LISgirl,flickr,by,2.0,https://creativecommons.org/licenses/by/2.0/,true,true
openverse,query,cloud formation,Great cloud formations today 23-05-14CF1890,data/raw/images/web_sample/cloud_formation/fe6a599e-afd9-4b23-a912-dfb49512e4c1_Great_cloud_formations_today_23-05-14CF1890.jpg,1024,768,1024,683,https://www.flickr.com/photos/37763646@N06/14269581873,https://live.staticflickr.com/5560/14269581873_d9d7baef26_b.jpg,Francis Vallance (Heritage Warrior),flickr,by,2.0,https://creativecommons.org/licenses/by/2.0/,true,true
openverse,query,cloud formation,"Majestic cloud formation over Upper Peirce Reservoir, Singapore",data/raw/images/web_sample/cloud_formation/b9759e36-0eea-4001-9602-ff4b870f2dfa_Majestic_cloud_formation_over_Upper_Peirce_Reservoir_Singapore.jpg,1024,768,1024,668,https://www.flickr.com/photos/59895673@N06/10083747613,https://live.staticflickr.com/7378/10083747613_67c1c7fbca_b.jpg,jimmy_tst,flickr,by,2.0,https://creativecommons.org/licenses/by/2.0/,true,true
openverse,query,cloud formation,Cloud formations,data/raw/images/web_sample/cloud_formation/8936a3ad-9f18-4eca-af1e-38179e0632ab_Cloud_formations.jpg,1024,768,1024,768,https://www.flickr.com/photos/22922368@N00/2702383007,https://live.staticflickr.com/2118/2702383007_80400f810b_b.jpg,claumoho,flickr,by,2.0,https://creativecommons.org/licenses/by/2.0/,true,true
openverse,query,cloud formation,Great cloud formations today 23-05-1469,data/raw/images/web_sample/cloud_formation/5306eaff-f92a-45e2-bf6a-25d7c32c06c5_Great_cloud_formations_today_23-05-1469.jpg,1024,768,1024,683,https://www.flickr.com/photos/37763646@N06/14246116541,https://live.staticflickr.com/2939/14246116541_e2b5f274bd_b.jpg,Francis Vallance (Heritage Warrior),flickr,by,2.0,https://creativecommons.org/licenses/by/2.0/,true,true
openverse,query,cloud formation,Great cloud formations today 23-05-14F1883,data/raw/images/web_sample/cloud_formation/3c376a31-7136-47f0-9b4f-9a281a20bdbb_Great_cloud_formations_today_23-05-14F1883.jpg,1024,768,1024,683,https://www.flickr.com/photos/37763646@N06/14062803880,https://live.staticflickr.com/5519/14062803880_cf4446d588_b.jpg,Francis Vallance (Heritage Warrior),flickr,by,2.0,https://creativecommons.org/licenses/by/2.0/,true,true
openverse,query,cloud formation,Great cloud formations today 23-05-14SCF1887,data/raw/images/web_sample/cloud_formation/f8e03ad7-919f-4d07-832d-2130a564c707_Great_cloud_formations_today_23-05-14SCF1887.jpg,1024,768,1024,683,https://www.flickr.com/photos/37763646@N06/14062824907,https://live.staticflickr.com/2937/14062824907_4f339721cf_b.jpg,Francis Vallance (Heritage Warrior),flickr,by,2.0,https://creativecommons.org/licenses/by/2.0/,true,true
openverse,query,cloud formation,Great cloud formations today 23-05-14CF1881,data/raw/images/web_sample/cloud_formation/f901ccde-4079-4197-8354-183c6aaa35b4_Great_cloud_formations_today_23-05-14CF1881.jpg,1024,768,1024,683,https://www.flickr.com/photos/37763646@N06/14062805330,https://live.staticflickr.com/5514/14062805330_58b37652fc_b.jpg,Francis Vallance (Heritage Warrior),flickr,by,2.0,https://creativecommons.org/licenses/by/2.0/,true,true
openverse,query,cloud formation,cloud formations,data/raw/images/web_sample/cloud_formation/9cc63d01-3ed3-4cac-bbe0-23de256b96ef_cloud_formations.jpg,1024,768,1024,768,https://www.flickr.com/photos/11247388@N00/482415594,https://live.staticflickr.com/225/482415594_9ac7f85ece_b.jpg,sunshinecity,flickr,by,2.0,https://creativecommons.org/licenses/by/2.0/,true,true
openverse,query,cloud formation,Amazing cloud formation,data/raw/images/web_sample/cloud_formation/45b31817-3ebe-4776-823a-c89780a0c20b_Amazing_cloud_formation.jpg,1024,768,1024,768,https://www.flickr.com/photos/18378655@N00/3365934040,https://live.staticflickr.com/3583/3365934040_91eb748c80_b.jpg,James Cridland,flickr,by,2.0,https://creativecommons.org/licenses/by/2.0/,true,true
openverse,query,cloud formation,Cloud formation,data/raw/images/web_sample/cloud_formation/f0c06872-2519-4fdd-a851-f879db259418_Cloud_formation.jpg,1024,768,1024,768,https://www.flickr.com/photos/76419154@N00/24140870467,https://live.staticflickr.com/4684/24140870467_b480428640_b.jpg,Glosters,flickr,by,2.0,https://creativecommons.org/licenses/by/2.0/,true,true
openverse,query,cloud formation,Interesting Cloud Formations,data/raw/images/web_sample/cloud_formation/c5f4453e-be82-415b-bf8b-f6715e3d1bac_Interesting_Cloud_Formations.jpg,1024,768,1024,678,https://www.flickr.com/photos/32369190@N08/8530977973,https://live.staticflickr.com/8527/8530977973_bed9144c8e_b.jpg,jbylund,flickr,by-sa,2.0,https://creativecommons.org/licenses/by-sa/2.0/,true,true
openverse,query,cloud formation,Great cloud formations today 23-05-14CF1861,data/raw/images/web_sample/cloud_formation/f49427df-36b5-4f6b-a43d-1966fb38be0d_Great_cloud_formations_today_23-05-14CF1861.jpg,1024,768,1024,683,https://www.flickr.com/photos/37763646@N06/14246118421,https://live.staticflickr.com/5074/14246118421_22c4e869a1_b.jpg,Francis Vallance (Heritage Warrior),flickr,by,2.0,https://creativecommons.org/licenses/by/2.0/,true,true
openverse,query,cloud formation,Cloud formation,data/raw/images/web_sample/cloud_formation/0b9b4698-bf21-42e1-ae0a-ec2e3a5927fc_Cloud_formation.jpg,1024,768,1024,768,https://www.flickr.com/photos/76419154@N00/25134396128,https://live.staticflickr.com/4581/25134396128_f7a97a5596_b.jpg,Glosters,flickr,by,2.0,https://creativecommons.org/licenses/by/2.0/,true,true
openverse,query,cloud formation,Great cloud formations today 23-05-14,data/raw/images/web_sample/cloud_formation/ba4b14df-47e9-4322-91d6-84557a3ce4c7_Great_cloud_formations_today_23-05-14.jpg,1024,768,1024,683,https://www.flickr.com/photos/37763646@N06/14226272896,https://live.staticflickr.com/2898/14226272896_6088b52d41_b.jpg,Francis Vallance (Heritage Warrior),flickr,by,2.0,https://creativecommons.org/licenses/by/2.0/,true,true
openverse,query,cloud formation,Great cloud formations today 23-05-141875,data/raw/images/web_sample/cloud_formation/f2e318f1-7c59-4a67-b926-758c26922348_Great_cloud_formations_today_23-05-141875.jpg,1024,768,1024,683,https://www.flickr.com/photos/37763646@N06/14062769069,https://live.staticflickr.com/2915/14062769069_5ab8cb2b37_b.jpg,Francis Vallance (Heritage Warrior),flickr,by,2.0,https://creativecommons.org/licenses/by/2.0/,true,true
openverse,query,cloud formation,"Majestic cloud formation over Upper Peirce Reservoir, Singapore",data/raw/images/web_sample/cloud_formation/869b4f4f-af3b-4f6e-ac8b-fbc33e84877c_Majestic_cloud_formation_over_Upper_Peirce_Reservoir_Singapore.jpg,1024,768,1024,768,https://www.flickr.com/photos/59895673@N06/10083607194,https://live.staticflickr.com/2827/10083607194_c7f1bff16b_b.jpg,jimmy_tst,flickr,by,2.0,https://creativecommons.org/licenses/by/2.0/,true,true
openverse,query,cloud formation,Great cloud formations today 23-05-14,data/raw/images/web_sample/cloud_formation/f79857d6-aa83-4c06-b5be-d5593e96801e_Great_cloud_formations_today_23-05-14.jpg,1024,768,1024,683,https://www.flickr.com/photos/37763646@N06/14247230332,https://live.staticflickr.com/2899/14247230332_bf799532eb_b.jpg,Francis Vallance (Heritage Warrior),flickr,by,2.0,https://creativecommons.org/licenses/by/2.0/,true,true
openverse,query,cloud formation,Great cloud formations today 23-05-14,data/raw/images/web_sample/cloud_formation/2ab9a82e-a2e4-47ee-8c9c-fc9448256ba1_Great_cloud_formations_today_23-05-14.jpg,1024,768,1024,683,https://www.flickr.com/photos/37763646@N06/14247226902,https://live.staticflickr.com/5311/14247226902_5d0bfd576d_b.jpg,Francis Vallance (Heritage Warrior),flickr,by,2.0,https://creativecommons.org/licenses/by/2.0/,true,true
openverse,query,cloud formation,Driving off into the cloud formation,data/raw/images/web_sample/cloud_formation/74756031-5017-4fae-b63c-e70b2787983c_Driving_off_into_the_cloud_formation.jpg,1024,768,1024,664,https://www.flickr.com/photos/61360523@N04/7043638329,https://live.staticflickr.com/7102/7043638329_a8ba4fbe66_b.jpg,Changhai Travis,flickr,by,2.0,https://creativecommons.org/licenses/by/2.0/,true,true
openverse,query,cloud formation,Cloud formation at sunrise.,data/raw/images/web_sample/cloud_formation/f97391bb-de0c-4ea1-a731-431b84851666_Cloud_formation_at_sunrise.jpg,1024,768,1024,693,https://www.flickr.com/photos/43272765@N04/8475066519,https://live.staticflickr.com/8242/8475066519_cc7c9c3b07_b.jpg,gailhampshire,flickr,by,2.0,https://creativecommons.org/licenses/by/2.0/,true,true
openverse,query,cloud formation,Cloud Formation,data/raw/images/web_sample/cloud_formation/2d3b0bd1-d099-4a20-836f-d3becf67921d_Cloud_Formation.jpg,1024,768,1024,768,https://www.flickr.com/photos/8306673@N02/1020439015,https://live.staticflickr.com/1090/1020439015_ceb1005bf7_b.jpg,paulhami,flickr,by-sa,2.0,https://creativecommons.org/licenses/by-sa/2.0/,true,true
openverse,query,cumulus cloud,Airplane wing in front of cumulus clouds,data/raw/images/web_sample/cumulus_cloud/ef8bc7b4-70ce-425c-bbac-2e44ce1f7d42_Airplane_wing_in_front_of_cumulus_clouds.jpg,1024,768,1024,768,https://www.flickr.com/photos/29507259@N02/3527948344,https://live.staticflickr.com/2404/3527948344_878499f824_b.jpg,D Coetzee,flickr,cc0,1.0,https://creativecommons.org/publicdomain/zero/1.0/,true,true
openverse,query,cumulus cloud,Aerial view of cumulus clouds 5,data/raw/images/web_sample/cumulus_cloud/25eea387-b787-4ca2-9660-0247d4cb55f6_Aerial_view_of_cumulus_clouds_5.jpg,1024,768,1024,768,https://www.flickr.com/photos/29507259@N02/3527136781,https://live.staticflickr.com/3582/3527136781_ea5687ebb0_b.jpg,D Coetzee,flickr,cc0,1.0,https://creativecommons.org/publicdomain/zero/1.0/,true,true
openverse,query,cumulus cloud,Cumulus cloud,data/raw/images/web_sample/cumulus_cloud/6b855fc3-56fe-4f30-b107-0b055d9508b0_Cumulus_cloud.jpg,1024,768,1024,768,https://www.flickr.com/photos/37195744@N03/9421862301,https://live.staticflickr.com/3735/9421862301_23fd132f94_b.jpg,joncandy,flickr,by-sa,2.0,https://creativecommons.org/licenses/by-sa/2.0/,true,true
openverse,query,cumulus cloud,Aerial view of cumulus clouds 1,data/raw/images/web_sample/cumulus_cloud/a4797367-5eb4-4d55-85b8-dffdbeaebcd1_Aerial_view_of_cumulus_clouds_1.jpg,1024,768,1024,768,https://www.flickr.com/photos/29507259@N02/3527137513,https://live.staticflickr.com/2167/3527137513_42aa8c0998_b.jpg,D Coetzee,flickr,cc0,1.0,https://creativecommons.org/publicdomain/zero/1.0/,true,true
openverse,query,cumulus cloud,Aerial view of cumulus clouds 2,data/raw/images/web_sample/cumulus_cloud/0389b331-e750-4ea1-af0b-81818a2ae758_Aerial_view_of_cumulus_clouds_2.jpg,1024,768,1024,768,https://www.flickr.com/photos/29507259@N02/3527948562,https://live.staticflickr.com/2074/3527948562_4a64d2149e_b.jpg,D Coetzee,flickr,cc0,1.0,https://creativecommons.org/publicdomain/zero/1.0/,true,true
openverse,query,cumulus cloud,Aerial view of cumulus clouds 3,data/raw/images/web_sample/cumulus_cloud/7cb5f20e-f8d1-4575-9d9e-4de2f00a57aa_Aerial_view_of_cumulus_clouds_3.jpg,1024,768,1024,768,https://www.flickr.com/photos/29507259@N02/3527948534,https://live.staticflickr.com/2150/3527948534_f81976f28e_b.jpg,D Coetzee,flickr,cc0,1.0,https://creativecommons.org/publicdomain/zero/1.0/,true,true
openverse,query,cumulus cloud,Aerial view of cumulus clouds 6,data/raw/images/web_sample/cumulus_cloud/2f65cf82-2e1f-4c0e-912b-3540eac4c3e4_Aerial_view_of_cumulus_clouds_6.jpg,1024,768,1024,768,https://www.flickr.com/photos/29507259@N02/3527948318,https://live.staticflickr.com/2106/3527948318_71f15c6c51_b.jpg,D Coetzee,flickr,cc0,1.0,https://creativecommons.org/publicdomain/zero/1.0/,true,true
openverse,query,cumulus cloud,Cumulus Clouds over Yellow Prairie2,data/raw/images/web_sample/cumulus_cloud/cd8dd2ca-e548-4ec8-8d7f-d0951dc1d9e4_Cumulus_Clouds_over_Yellow_Prairie2.jpg,1024,768,2048,1360,https://commons.wikimedia.org/w/index.php?curid=3204043,https://upload.wikimedia.org/wikipedia/commons/5/57/Cumulus_Clouds_over_Yellow_Prairie2.jpg,"Wing-Chi Poon, colors adjusted by Kjetil r",wikimedia,by-sa,2.5,https://creativecommons.org/licenses/by-sa/2.5/,true,true
openverse,query,cumulus cloud,Aerial view of cumulus clouds 8,data/raw/images/web_sample/cumulus_cloud/3f1ec7a4-b57b-44e1-af3c-e7740db793d4_Aerial_view_of_cumulus_clouds_8.jpg,1024,768,1024,768,https://www.flickr.com/photos/29507259@N02/3527136619,https://live.staticflickr.com/2018/3527136619_55d82a0617_b.jpg,D Coetzee,flickr,cc0,1.0,https://creativecommons.org/publicdomain/zero/1.0/,true,true
openverse,query,cumulus cloud,"Cumulus Cloud Giant , California Landscape",data/raw/images/web_sample/cumulus_cloud/a02753f9-5a58-4ec7-ab53-00225b33ce61_Cumulus_Cloud_Giant_California_Landscape.jpg,1024,768,1024,710,https://www.flickr.com/photos/8398907@N02/47981683236,https://live.staticflickr.com/65535/47981683236_d0d1782cff_b.jpg,moonjazz,flickr,by-sa,2.0,https://creativecommons.org/licenses/by-sa/2.0/,true,true
openverse,query,cumulus cloud,Cumulus Clouds,data/raw/images/web_sample/cumulus_cloud/9f2bbf73-109d-4100-a77d-0d7f4a28c662_Cumulus_Clouds.jpg,1024,768,1024,768,https://www.flickr.com/photos/68089229@N06/8059686519,https://live.staticflickr.com/8319/8059686519_654d0daf98_b.jpg,oatsy40,flickr,by,2.0,https://creativecommons.org/licenses/by/2.0/,true,true
openverse,query,cumulus cloud,Cumulus Cloud in Deep Blue Sky,data/raw/images/web_sample/cumulus_cloud/1ea933cf-31c9-4b90-be31-700873e0b677_Cumulus_Cloud_in_Deep_Blue_Sky.jpg,1024,768,1024,768,https://www.flickr.com/photos/132795455@N08/18725398391,https://live.staticflickr.com/372/18725398391_55e412e3bd_b.jpg,Image Catalog,flickr,cc0,1.0,https://creativecommons.org/publicdomain/zero/1.0/,true,true
openverse,query,cumulus cloud,"Cloud layers: Stratus clouds (above), cumulus clouds (below), cumuloniumbus (towering nimbus) developing",data/raw/images/web_sample/cumulus_cloud/f09ee84c-959f-4a72-bb63-ec7f2623c918_Cloud_layers_Stratus_clouds_above_cumulus_clouds_below_cumuloniumbus_towering_nimbu.jpg,1024,768,1024,768,https://www.flickr.com/photos/58802138@N02/5744832210,https://live.staticflickr.com/5264/5744832210_9556ea4b2b_b.jpg,VMFoliaki,flickr,by-sa,2.0,https://creativecommons.org/licenses/by-sa/2.0/,true,true
openverse,query,cumulus cloud,Detailed cumulus clouds,data/raw/images/web_sample/cumulus_cloud/f5ab329b-5c7a-42fb-9af0-2e5651f3e28b_Detailed_cumulus_clouds.jpg,1024,768,1024,662,https://www.flickr.com/photos/69135870@N00/5066830429,https://live.staticflickr.com/4154/5066830429_903920962d_b.jpg,mendhak,flickr,by-sa,2.0,https://creativecommons.org/licenses/by-sa/2.0/,true,true
openverse,query,cumulus cloud,Towering Cumulus Cloud,data/raw/images/web_sample/cumulus_cloud/4b23b221-45a5-4318-95a7-299740cefb74_Towering_Cumulus_Cloud.jpg,1024,768,1024,683,https://www.flickr.com/photos/75126448@N08/8313330865,https://live.staticflickr.com/8079/8313330865_59ef4cd7fb_b.jpg,Natural Beauty on Film,flickr,by,2.0,https://creativecommons.org/licenses/by/2.0/,true,true
openverse,query,cumulus cloud,"Cloud layers: Stratus clouds (above), cumulus clouds (below)",data/raw/images/web_sample/cumulus_cloud/fc61a491-40c7-43dd-83b0-f6f0a726923a_Cloud_layers_Stratus_clouds_above_cumulus_clouds_below.jpg,1024,768,1024,768,https://www.flickr.com/photos/58802138@N02/5744832800,https://live.staticflickr.com/2205/5744832800_ab0b75ed7f_b.jpg,VMFoliaki,flickr,by-sa,2.0,https://creativecommons.org/licenses/by-sa/2.0/,true,true
openverse,query,cumulus cloud,"Cloud layers: Stratus clouds (above), cumulus clouds (below)",data/raw/images/web_sample/cumulus_cloud/efd3787d-d793-440f-bb70-55c939f92146_Cloud_layers_Stratus_clouds_above_cumulus_clouds_below.jpg,1024,768,1024,768,https://www.flickr.com/photos/58802138@N02/5744282447,https://live.staticflickr.com/2005/5744282447_ab2a40c072_b.jpg,VMFoliaki,flickr,by-sa,2.0,https://creativecommons.org/licenses/by-sa/2.0/,true,true
openverse,query,cumulus cloud,"Stratus, Cumulus clouds, Fiji",data/raw/images/web_sample/cumulus_cloud/4690a3f6-01b4-439e-9806-716e756ed8ea_Stratus_Cumulus_clouds_Fiji.jpg,1024,768,1024,768,https://www.flickr.com/photos/58802138@N02/5744827054,https://live.staticflickr.com/2661/5744827054_164247d70f_b.jpg,VMFoliaki,flickr,by-sa,2.0,https://creativecommons.org/licenses/by-sa/2.0/,true,true
